,bind_id,symbol,action,position,signal_timestamp,signal_price
0,eb04eba3-0609-4f59-996e-0d7ac16d93eb,btc_usdt|binance_future,open,short,1728635220,60700.0
1,ba4850a9-f926-42e7-b80d-b5dd8ab6f479,btc_usdt|binance_future,open,long,1728636540,60679.4
2,73a7c639-576e-4e13-a5f0-897f7c4d592d,btc_usdt|binance_future,open,short,1728637260,60647.8
3,ef7e336e-4210-4295-91d8-0d26d0ed56b6,btc_usdt|binance_future,open,long,1728637440,60696.2
4,c75f6e70-4454-470a-b26d-e09b31a701cc,btc_usdt|binance_future,open,short,1728638700,60815.5
5,c5d99815-336b-49b4-9c1c-2f467bf4460c,btc_usdt|binance_future,open,long,1728639300,60825.2
6,2a12d695-27d7-498c-92fb-a3899e07e969,btc_usdt|binance_future,open,short,1728639540,60799.9
7,5fb519be-6d4a-4f5c-a69d-9803ec581fda,btc_usdt|binance_future,open,long,1728639900,60831.1
8,247ed21c-bb98-4b6d-9cc8-0ae4768fbeab,btc_usdt|binance_future,open,short,1728641580,61084.7
9,b1e0c8c6-ce9b-4d0b-b81a-cb69da7d74b1,btc_usdt|binance_future,open,long,1728642000,61196.2
10,2c0f97c7-993c-4c6f-9d46-e0df84500a9d,btc_usdt|binance_future,open,short,1728642360,61056.6
11,b58fbd43-1269-48d4-81bf-789069ca441b,btc_usdt|binance_future,open,long,1728643080,61044.9
12,100237dd-db51-4c50-bc4b-8c6fa4fb5c14,btc_usdt|binance_future,open,short,1728643620,61037.7
13,12d4f09d-757d-4e5b-8726-607f5ba528f2,btc_usdt|binance_future,open,long,1728644040,61094.6
14,d4c29d5b-5cac-4f83-a99d-475ed588da3b,btc_usdt|binance_future,open,short,1728644880,61076.4
15,52002d22-482c-4eb6-a74b-83f47ba82301,btc_usdt|binance_future,open,long,1728645660,61090.3
16,863f9b00-f24a-48bf-a07f-55b7e879a2b9,btc_usdt|binance_future,open,short,1728647100,61139.0
17,6783795a-1544-4c08-ab0e-0d6b87fc11dc,btc_usdt|binance_future,open,long,1728647340,61187.9
18,56dd828e-c7dd-429f-a104-2963f33ae566,btc_usdt|binance_future,open,short,1728647940,61143.8
19,8284733e-6e72-4ef5-aeec-8eaf3d28c1b8,btc_usdt|binance_future,open,long,1728648540,61202.8
20,24fbe73b-433b-4402-9ae6-4262ada30fc9,btc_usdt|binance_future,open,short,1728649080,61176.1
21,5cffe16d-8edb-4561-89ad-bcf4459f70eb,btc_usdt|binance_future,open,long,1728649740,61246.6
22,d5975e76-0d05-4a1f-8c3a-e0c889feceea,btc_usdt|binance_future,open,short,1728650460,61137.7
23,1cf4be40-a336-43e9-bfcd-f01c1e17a4ee,btc_usdt|binance_future,open,long,1728651120,61241.1
24,9b0cb048-8634-46fa-82ea-38310e2e0061,btc_usdt|binance_future,open,short,1728652380,61298.8
25,9de00e3f-b31b-4a42-b076-781989ecc4ba,btc_usdt|binance_future,open,long,1728653100,61339.0
26,a2d9186b-7dcb-49d0-848b-5703dddc7854,btc_usdt|binance_future,open,short,1728654180,61567.3
27,596cb0b2-7c60-4b94-bf00-06d06d819bb7,btc_usdt|binance_future,open,long,1728654720,61619.3
28,926264d5-5431-400a-b0b7-99f257260a5c,btc_usdt|binance_future,open,short,1728656580,61792.4
29,5400c39b-3864-4b98-ae23-c2deff6c249e,btc_usdt|binance_future,open,long,1728656880,61794.4
30,0a17b474-0320-4581-adcd-34101ec9d54e,btc_usdt|binance_future,open,short,1728656940,61804.0
31,657b41dd-3315-449a-ac5e-f0790d04670a,btc_usdt|binance_future,open,long,1728657540,61795.8
32,78085762-6608-4f6d-8c99-fe43c377a463,btc_usdt|binance_future,open,short,1728657960,61653.8
33,dc10132b-3543-4053-a04a-2efa53a6d034,btc_usdt|binance_future,open,long,1728658500,61749.0
34,ee1f3368-185e-41f0-b8a6-7b9e8e94d449,btc_usdt|binance_future,open,short,1728660300,62032.0
35,cb061282-f102-463f-a04a-b43922b28da2,btc_usdt|binance_future,open,long,1728661620,62060.0
36,839cac87-103a-478d-a3f5-49c456e793d6,btc_usdt|binance_future,open,short,1728662820,62182.7
37,6eaa6cdb-a6a8-4404-83ca-02b8bf68b628,btc_usdt|binance_future,open,long,1728664080,62221.7
38,de13c777-ce87-4962-b395-b5eafebbf113,btc_usdt|binance_future,open,short,1728665400,62220.0
39,2c7176c2-189f-4408-8114-ee585173fbdc,btc_usdt|binance_future,open,long,1728666060,62254.6
40,ffab1a78-6157-49dd-8149-a18a0883ba4c,btc_usdt|binance_future,open,short,1728666660,62196.4
41,bc5323e5-8a4e-4063-b61e-d025dba83541,btc_usdt|binance_future,open,long,1728667320,62251.6
42,410262b9-af3d-41a9-9ce5-008e33da7b0c,btc_usdt|binance_future,open,short,1728669120,62719.9
43,c3902bc9-0582-4e63-90af-6555c1311c7c,btc_usdt|binance_future,open,long,1728669240,62778.9
44,a811bc04-5d94-4491-9cc8-b5a350a13297,btc_usdt|binance_future,open,short,1728670080,62806.4
45,2c3d4a92-1e36-48f2-864e-a954a52e8777,btc_usdt|binance_future,open,long,1728671400,62709.1
46,78b0baf7-d8d0-482f-83b7-47a4e975b880,btc_usdt|binance_future,open,short,1728672600,62765.6
47,ae8f918d-47eb-4a0e-b206-ee970b72ff6b,btc_usdt|binance_future,open,long,1728672960,62841.4
48,074ef5f6-c5b1-4f45-a272-acb150530222,btc_usdt|binance_future,open,short,1728674340,63183.8
49,25885dd8-7b6d-4e3d-ab6b-7e4fd8752770,btc_usdt|binance_future,open,long,1728675780,62941.6
50,c0a37f15-5b85-4cfb-bace-d223f84f815e,btc_usdt|binance_future,open,short,1728676320,62901.0
51,ff5d88e5-d496-47d3-9f3f-cc9e436c60af,btc_usdt|binance_future,open,long,1728676680,62990.7
52,62118a7c-27bc-4613-a0f1-63d8a95d00cc,btc_usdt|binance_future,open,short,1728677340,62935.1
53,e1729a57-19d6-4fb4-88f9-650b85e57fed,btc_usdt|binance_future,open,long,1728678300,62952.1
54,4e70cf2a-9455-4ea5-bdd2-7305941c629f,btc_usdt|binance_future,open,short,1728678840,62933.6
55,51fe5ffe-99b9-42c7-aea8-b287b506e744,btc_usdt|binance_future,open,long,1728679020,62971.7
56,edd0671f-8962-40c8-ac2f-65b85c673905,btc_usdt|binance_future,open,short,1728679680,62960.5
57,a6113d2e-6385-4a76-8b20-02c78b924f56,btc_usdt|binance_future,open,long,1728679980,62979.5
58,6c9077ad-158d-4b5e-8a14-e286bff48068,btc_usdt|binance_future,open,short,1728680220,63007.0
59,6cfc7e6f-38ab-4e11-835a-bfd1beaf00c8,btc_usdt|binance_future,open,long,1728680280,63001.3
60,c60a1364-f3c0-4b62-8bfc-5916064a7246,btc_usdt|binance_future,open,short,1728681300,63009.5
61,ed925b0f-7977-4a6c-bf53-9ee01d2dcbd1,btc_usdt|binance_future,open,long,1728682020,63027.1
62,8db1cda6-af26-4c3f-a68c-c0efec9736a2,btc_usdt|binance_future,open,short,1728682800,62991.7
63,0d56fabf-4a38-481c-998f-0d7683e17f55,btc_usdt|binance_future,open,long,1728686100,62549.9
64,281168dc-b232-4a6a-a65a-c4002b35f3d6,btc_usdt|binance_future,open,short,1728686400,62364.0
65,5b3e0bd6-fb80-4aed-bec9-5471cdc74682,btc_usdt|binance_future,open,long,1728687060,62483.4
66,b8455074-a04c-4b84-a1b1-9abe94dc1af6,btc_usdt|binance_future,open,short,1728687540,62409.9
67,d7884c0b-20b6-4380-be4b-b1e97373bf0b,btc_usdt|binance_future,open,long,1728688080,62477.5
68,70537db1-6140-427f-9f33-b16b35307d10,btc_usdt|binance_future,open,short,1728688980,62530.0
69,1494cbd8-c96b-4f61-b401-1bac5d22b892,btc_usdt|binance_future,open,long,1728689640,62520.8
70,146ca98e-d284-4815-be3f-f5c901db5ae7,btc_usdt|binance_future,open,short,1728690060,62458.1
71,dec89e80-2aa1-41dc-af69-3054c3423f9b,btc_usdt|binance_future,open,long,1728691080,62415.0
72,9da1c450-aee4-45a4-a64f-f6a3d1fe836a,btc_usdt|binance_future,open,short,1728693660,62675.1
73,0e739a35-88e5-4d7a-8320-d023ee381a13,btc_usdt|binance_future,open,long,1728694740,62855.9
74,20c57552-d0b5-49e5-827d-b7dc829735b4,btc_usdt|binance_future,open,short,1728695580,62806.0
75,8da6313f-a055-4ee8-9522-054756599845,btc_usdt|binance_future,open,long,1728696300,62852.3
76,6f1afda0-fafa-41e6-82f4-ebf6d935003f,btc_usdt|binance_future,open,short,1728697080,62800.5
77,d00cfe83-57b2-496c-99cc-373847e4c892,btc_usdt|binance_future,open,long,1728698700,62703.0
78,e9920caa-443e-4cf6-9321-c87e0b3fa663,btc_usdt|binance_future,open,short,1728699000,62671.7
79,7fd9ab73-c089-4bb8-800b-e46df92cc88b,btc_usdt|binance_future,open,long,1728701160,62603.2
80,d5f197b2-8601-4c04-8640-88654f99cd90,btc_usdt|binance_future,open,short,1728701400,62558.5
81,9c078234-0187-4a01-9380-21f472a3e7e1,btc_usdt|binance_future,open,long,1728702240,62573.0
82,a5b46315-35ee-4ecd-b0e1-fd1f1ceab8d3,btc_usdt|binance_future,open,short,1728703020,62605.5
83,fb9e49c7-3406-45f8-99ae-e963c4c33173,btc_usdt|binance_future,open,long,1728703080,62602.3
84,d65e5bb8-6745-457c-b98c-b5d63a1cc586,btc_usdt|binance_future,open,short,1728703260,62500.0
85,0836bd45-700a-480b-9f6e-55638c10cad6,btc_usdt|binance_future,open,long,1728704040,62543.0
86,069a1ebb-de33-48f3-a50a-a2b4ca095b4f,btc_usdt|binance_future,open,short,1728704520,62498.2
87,0681f2d3-f78b-4f61-8d8f-1098f96c2583,btc_usdt|binance_future,open,long,1728705060,62500.0
88,b978d715-5a92-4a41-b003-f46abdffb1ed,btc_usdt|binance_future,open,short,1728706980,62575.8
89,d32561eb-2143-4b6e-84be-e5b0553bacc9,btc_usdt|binance_future,open,long,1728707400,62622.8
90,7d0141a8-deea-40c3-9a0c-70ad69f0938a,btc_usdt|binance_future,open,short,1728708000,62568.9
91,35d1fadf-6ead-4683-9807-ad57750f9eea,btc_usdt|binance_future,open,long,1728709380,62587.3
92,64d723d9-00b3-4e29-b7e7-35adc4a0e1f5,btc_usdt|binance_future,open,short,1728709680,62571.4
93,3b5ebe53-66a4-4503-bcda-943375839cb3,btc_usdt|binance_future,open,long,1728709920,62580.0
94,b8f2bd7a-9668-4ca9-a8c6-f1b053df0563,btc_usdt|binance_future,open,short,1728710640,62583.6
95,570fabf9-ed87-454f-ab15-b3af1a1a1014,btc_usdt|binance_future,open,long,1728711060,62619.2
96,eb3cf13a-a139-4a6b-83ed-99ed10fff442,btc_usdt|binance_future,open,short,1728713100,62712.4
97,f67b1da9-bb87-45d8-b63c-422215a10f06,btc_usdt|binance_future,open,long,1728713940,62696.4
98,46ee462d-26f1-48a1-9da2-040d2b4f29a8,btc_usdt|binance_future,open,short,1728714060,62664.3
99,a07b4e5d-4287-4c29-ae4a-de19547df7bf,btc_usdt|binance_future,open,long,1728714780,62697.0
100,abf07514-f938-49da-9442-4d64c2eaee8e,btc_usdt|binance_future,open,short,1728715320,62669.9
101,40f559b4-b0ce-4086-b848-a5e465403c3e,btc_usdt|binance_future,open,long,1728715680,62693.5
102,4d60de22-7017-4433-af6c-79ed58fca5a2,btc_usdt|binance_future,open,short,1728715800,62660.2
103,2acb7747-e4c4-4fa3-9922-c7bd226b996b,btc_usdt|binance_future,open,long,1728716580,62640.0
104,0610f66b-bacd-4d6f-81d0-5d84b5f82b59,btc_usdt|binance_future,open,short,1728716640,62627.6
105,36805425-9736-4a3d-8220-81c5255cede3,btc_usdt|binance_future,open,long,1728717180,62659.4
106,c9da21f0-85b4-467e-9c7d-28f4e77c6dd9,btc_usdt|binance_future,open,short,1728717540,62645.7
107,8fa7d7ed-718b-43bf-a64f-8c74fc101f21,btc_usdt|binance_future,open,long,1728717720,62677.6
108,2257eea2-e023-459b-9dcc-9e3ae3e927bc,btc_usdt|binance_future,open,short,1728718380,62652.1
109,616ff3a5-59d6-4de5-a84a-34a8b4cb599d,btc_usdt|binance_future,open,long,1728718860,62719.2
110,3cf74f8f-6241-4f5f-8c44-03a5fb3db85e,btc_usdt|binance_future,open,short,1728720180,62714.8
111,81a76f4d-52ba-4df7-9e85-dead5cea0fee,btc_usdt|binance_future,open,long,1728720840,62727.7
112,53d59afb-70a6-40d6-866a-f254d49e9600,btc_usdt|binance_future,open,short,1728721200,62698.3
113,d1a849b3-6ccc-4c19-9073-43cc01a85b7a,btc_usdt|binance_future,open,long,1728721560,62746.4
114,fbbc46b9-47c2-4c07-8991-814d3104c543,btc_usdt|binance_future,open,short,1728722100,62706.7
115,67c1261f-d844-4bea-9ca9-6dbd77ee549b,btc_usdt|binance_future,open,long,1728722640,62727.1
116,9ac98c95-f1d6-4046-95bc-144951a895cc,btc_usdt|binance_future,open,short,1728723000,62674.7
117,96a3f313-ef46-451e-80c2-4febb0ea0e4c,btc_usdt|binance_future,open,long,1728724080,62683.8
118,c7e88e32-ea91-4e5e-a9d8-5924d84f9f4d,btc_usdt|binance_future,open,short,1728724140,62674.0
119,6efbe217-ffd6-4d6b-be9b-daa08fa56d68,btc_usdt|binance_future,open,long,1728724920,62732.0
120,cf4a3aaf-6708-4468-8150-be2159fe8dee,btc_usdt|binance_future,open,short,1728725760,62703.8
121,4c52ba0c-c3a8-46b0-9018-345b76f10fec,btc_usdt|binance_future,open,long,1728726420,62746.5
122,f82dbcf3-9427-49e4-9cda-0199be5e45e4,btc_usdt|binance_future,open,short,1728727680,62800.4
123,c5551dc2-ce25-41fd-bd2c-88b7c83485c9,btc_usdt|binance_future,open,long,1728727860,62865.7
124,79067df8-603e-488c-82fb-9692de8d855a,btc_usdt|binance_future,open,short,1728729000,62909.9
125,e300e40e-416b-4463-9238-6457cff407c8,btc_usdt|binance_future,open,long,1728729540,62954.6
126,4273723f-219d-4a03-8277-b0ebfec9f5cf,btc_usdt|binance_future,open,short,1728730200,62921.0
127,ad7cafa9-6af5-471b-8238-26810b989465,btc_usdt|binance_future,open,long,1728730500,62950.9
128,b6160f33-24e2-4035-9650-b495b70fc00f,btc_usdt|binance_future,open,short,1728731220,62971.2
129,45db48b0-5976-4c15-9cd1-aa9d8900095e,btc_usdt|binance_future,open,long,1728731340,63025.2
130,a22a9216-bf37-4ca3-99af-4667193fdb35,btc_usdt|binance_future,open,short,1728732540,63109.0
131,745be915-80b0-4dba-ae1d-0ff96c3d93e8,btc_usdt|binance_future,open,long,1728733800,62991.0
132,c4dfb30a-22c6-4308-9e5b-e60869f61cbb,btc_usdt|binance_future,open,short,1728734160,62948.0
133,c6362998-1b8b-4e0f-b4d2-ccf75a9990fb,btc_usdt|binance_future,open,long,1728735060,62880.4
134,d9f15792-3523-4171-b355-649c6d3f2ef9,btc_usdt|binance_future,open,short,1728735600,62863.9
135,7b7ceea9-5443-4022-9dfd-0340409d4b4d,btc_usdt|binance_future,open,long,1728736260,62880.1
136,f3ab1447-dd75-413f-85f0-1b4326a8ee09,btc_usdt|binance_future,open,short,1728736620,62813.9
137,997a0d9e-23d7-4484-be28-0239cdc12adf,btc_usdt|binance_future,open,long,1728737160,62911.3
138,37417b10-d4cd-4040-9c68-36cf3b4c73bf,btc_usdt|binance_future,open,short,1728739140,62981.5
139,c6597736-dc50-4f34-b115-3c8cf893b3db,btc_usdt|binance_future,open,long,1728739920,62987.2
140,cb5dc3dc-e76a-48b6-aa84-7ee0ae8a00fc,btc_usdt|binance_future,open,short,1728740520,62978.6
141,667634ff-8258-4e53-91dd-5889eb7d6dec,btc_usdt|binance_future,open,long,1728741300,63034.6
142,c35cb0d2-13e4-4249-b821-a7d4e93af745,btc_usdt|binance_future,open,short,1728741900,62976.0
143,3b5a5c5a-c150-4f6e-b690-110215bb6b6c,btc_usdt|binance_future,open,long,1728742200,63071.9
144,b88bf2b8-dea2-4716-a922-9fd0315e3cdd,btc_usdt|binance_future,open,short,1728743040,63116.7
145,e21f8f96-f9e8-4a8f-af70-a24c1f10beec,btc_usdt|binance_future,open,long,1728743580,63144.4
146,da9062cc-97b6-431b-b2e7-ab70bcce4be6,btc_usdt|binance_future,open,short,1728745080,63238.8
147,94457834-f767-4b04-a897-9b06be735432,btc_usdt|binance_future,open,long,1728745680,63196.8
148,b24e76b4-9343-424c-bc64-a16252ac2f83,btc_usdt|binance_future,open,short,1728746640,63290.4
149,0d3f454c-9b71-471c-8562-4d163bafc5c3,btc_usdt|binance_future,open,long,1728748620,63061.5
150,8ac699c6-fc82-4aa3-b8cd-24dbf9393493,btc_usdt|binance_future,open,short,1728750120,63163.7
151,459ee44e-2b73-4f73-9691-3a6a16193c22,btc_usdt|binance_future,open,long,1728750900,63131.0
152,aa00519f-f56f-43e2-b558-44b6f952d8ff,btc_usdt|binance_future,open,short,1728751080,63080.1
153,a28485eb-46a5-432e-9077-085c8680ab47,btc_usdt|binance_future,open,long,1728751680,63135.3
154,fc71bc33-1bce-46cc-9905-55d96691aefc,btc_usdt|binance_future,open,short,1728752040,63067.8
155,94fae299-95f4-4ae5-a6bd-d7f9fb77a72c,btc_usdt|binance_future,open,long,1728752760,63085.0
156,104a6f79-5fa1-4508-8e9e-b85ad8e3af7d,btc_usdt|binance_future,open,short,1728752940,63048.2
157,34764af6-37cf-4f43-a121-c9495fc649cf,btc_usdt|binance_future,open,long,1728753180,63085.9
158,9c25d302-6d35-4c59-bb6e-3b4260f1a908,btc_usdt|binance_future,open,short,1728754320,63130.0
159,753fee02-ae6d-490b-9ae4-c359013159cd,btc_usdt|binance_future,open,long,1728755220,63074.4
160,d041f1e1-0ee4-4c3f-800e-496e5ca01585,btc_usdt|binance_future,open,short,1728755280,63063.0
161,77978ca0-5f0c-40c5-ac0d-1a6d9add9db1,btc_usdt|binance_future,open,long,1728756060,63095.1
162,1eadfda7-e65d-4382-a82c-7ce171374bab,btc_usdt|binance_future,open,short,1728756840,63049.6
163,6325efb3-bfc7-4545-a0e4-174339f12294,btc_usdt|binance_future,open,long,1728758100,63025.6
164,5a6ea234-0d96-45ee-b4c2-45db72c8a5ef,btc_usdt|binance_future,open,short,1728758460,62960.1
165,bab0f9f9-f2d3-4d30-acfc-e00e9411b3a9,btc_usdt|binance_future,open,long,1728759060,62952.0
166,0126b9b6-f006-465d-8715-1432ff7aea61,btc_usdt|binance_future,open,short,1728759120,62939.4
167,09e567b5-a9b6-4195-9ea6-185a3fed8371,btc_usdt|binance_future,open,long,1728759900,62959.9
168,0b7dda3a-4021-4bc2-8c76-6fe80c958fad,btc_usdt|binance_future,open,short,1728760860,62926.3
169,1c24e1c5-794e-4a2d-b540-e71b114cc176,btc_usdt|binance_future,open,long,1728761220,63013.0
170,c36eff84-f861-4f81-9358-0037bdcc9e1a,btc_usdt|binance_future,open,short,1728761880,62944.0
171,0885be67-9892-4f5a-8b83-f9e1b888aad3,btc_usdt|binance_future,open,long,1728762480,62986.7
172,29e8ff11-dfcb-4f75-a991-4bd76773d03c,btc_usdt|binance_future,open,short,1728762960,62994.5
173,436317b5-785e-4722-962f-d8a88ee52ad2,btc_usdt|binance_future,open,long,1728763080,62993.3
174,df6c9ef5-fc11-4f8d-8b8e-ff2885908497,btc_usdt|binance_future,open,short,1728763200,62966.3
175,ea8867fb-568a-4b93-8ad3-cf6e0f749921,btc_usdt|binance_future,open,long,1728763380,63006.0
176,8750bccc-fb9e-4966-a03b-00c34b187761,btc_usdt|binance_future,open,short,1728764340,63024.5
177,e0655fef-b7b2-4cc1-b820-9f57c6bdde0e,btc_usdt|binance_future,open,long,1728764520,63080.5
178,2f37c12c-c493-4c2a-9f09-a40c3767a183,btc_usdt|binance_future,open,short,1728765120,63064.0
179,8acab746-1209-4bc1-8790-81873710ac8d,btc_usdt|binance_future,open,long,1728766200,63022.9
180,588b843c-5ead-4ef4-99c6-d0570c860d4e,btc_usdt|binance_future,open,short,1728766920,63047.4
181,ff75cd86-4b2f-4adf-bf4a-0978f7e6e186,btc_usdt|binance_future,open,long,1728767040,63043.1
182,cd5aad98-c599-4c98-a202-ebdfdfedc64f,btc_usdt|binance_future,open,short,1728768240,63105.5
183,1d732fb6-0014-4705-9ed6-eb3fafed569a,btc_usdt|binance_future,open,long,1728768360,63131.6
184,8d4b065d-71b3-4a75-83d6-e4023a6fc8ec,btc_usdt|binance_future,open,short,1728769200,63106.5
185,99ebb61c-c0e2-4fbc-aa6f-fb81f3e7f05c,btc_usdt|binance_future,open,long,1728770160,63149.8
186,c784f6ef-58ee-47d7-8d8d-8319e67ab27a,btc_usdt|binance_future,open,short,1728772200,63225.2
187,d4689e88-e897-4e54-bce9-6d74714cdd2d,btc_usdt|binance_future,open,long,1728772380,63235.9
188,8216bedc-a819-4fb4-9c7a-f8bb4c26b4a0,btc_usdt|binance_future,open,short,1728772680,63194.8
189,4addf1e4-01d7-41af-a857-09573188f6bf,btc_usdt|binance_future,open,long,1728773400,63248.0
190,b5d11a4c-1215-49bf-86f2-e6c338a3d658,btc_usdt|binance_future,open,short,1728774300,63269.9
191,4e51a574-8d01-41f0-9e41-5f58098acef8,btc_usdt|binance_future,open,long,1728774360,63283.3
192,cc84e7a9-8616-425a-aa85-2b2af6bdd22f,btc_usdt|binance_future,open,short,1728775260,63216.5
193,baa79432-dbf6-471c-ad75-40c5e02cb0ed,btc_usdt|binance_future,open,long,1728776640,63178.0
194,c22e8733-b823-4621-af7c-acf3539203e1,btc_usdt|binance_future,open,short,1728776880,63143.6
195,fb96acdf-8b38-4f2c-ae1d-b983f3bb7046,btc_usdt|binance_future,open,long,1728777360,63174.3
196,a5ed7a17-f639-4e12-a519-fa82db44babd,btc_usdt|binance_future,open,short,1728778320,63186.7
197,1f66188e-bc77-4130-9358-2bcb8df56a89,btc_usdt|binance_future,open,long,1728779280,63201.7
198,d432d632-8596-43fe-9e75-5ee51b20301f,btc_usdt|binance_future,open,short,1728780000,63214.0
199,e1066604-ed9c-463a-8eef-d11bcf9e8ca7,btc_usdt|binance_future,open,long,1728780120,63233.0
200,d36984f3-d5c1-494b-8954-ac59d0a76670,btc_usdt|binance_future,open,short,1728780660,63208.0
201,e95ab8f0-ee53-4b3c-94fa-3542e416bbf7,btc_usdt|binance_future,open,long,1728782760,62959.7
202,53f0d34f-26e7-4a1d-9498-880c31e4b85e,btc_usdt|binance_future,open,short,1728783180,62939.5
203,62ae60c8-0839-421f-bbf7-cab861d4ff67,btc_usdt|binance_future,open,long,1728783420,62959.5
204,a6a5ed68-8fc8-4ddd-bc06-5ce5f68a201d,btc_usdt|binance_future,open,short,1728784140,62884.7
205,aa8562dd-8f76-4849-8e2f-533e88c53279,btc_usdt|binance_future,open,long,1728785160,62853.3
206,13dbca4e-7f0f-469e-9a15-21925a67f508,btc_usdt|binance_future,open,short,1728785340,62815.7
207,d7085030-3130-4c05-99c7-fb469ec7bae0,btc_usdt|binance_future,open,long,1728786180,62763.0
208,43627752-0896-462b-a11b-91ffd3a86303,btc_usdt|binance_future,open,short,1728787260,62776.0
209,71f13a75-74c2-49bf-b33e-12537318eea6,btc_usdt|binance_future,open,long,1728787440,62819.5
210,d2ba4583-1f26-491c-a65b-4cfe6f24f9b1,btc_usdt|binance_future,open,short,1728787920,62757.8
211,f68ddbbb-6e46-48f0-955b-b88b93110994,btc_usdt|binance_future,open,long,1728788280,62839.6
212,d1d5e6f5-5adc-4fcc-9bf6-0dc78b29d023,btc_usdt|binance_future,open,short,1728788880,62784.4
213,fc693292-dae2-43f6-941f-88c5fac2922c,btc_usdt|binance_future,open,long,1728790380,62707.1
214,3e08943a-3f16-41bd-8338-6686047d34e8,btc_usdt|binance_future,open,short,1728790500,62670.5
215,ddb9419c-02e2-4f79-8b1a-26d38d878467,btc_usdt|binance_future,open,long,1728791580,62703.6
216,b7a79426-eacc-4324-a945-9cb3a669bec8,btc_usdt|binance_future,open,short,1728791940,62664.7
217,4c55ac63-6099-48f3-94e2-3d4642ad4d8d,btc_usdt|binance_future,open,long,1728792180,62712.0
218,e7232e02-15d6-4dff-ac97-b38eb2178836,btc_usdt|binance_future,open,short,1728794280,62782.2
219,c9fa6d83-5af4-413f-a61f-e2e5322560b6,btc_usdt|binance_future,open,long,1728794820,62807.9
220,31a1a093-45d6-4e9c-bf1b-eddd47dfc26d,btc_usdt|binance_future,open,short,1728795180,62800.0
221,122f2c64-8812-4b8f-98fd-dd599c1f2397,btc_usdt|binance_future,open,long,1728795240,62816.1
222,35fe904c-fcde-4ea6-be4f-f74191e28c8c,btc_usdt|binance_future,open,short,1728795540,62789.0
223,bdd5c982-7258-42b8-8d42-d3f5b620ff44,btc_usdt|binance_future,open,long,1728795780,62813.1
224,340ac545-c3fc-44c7-8d83-27211295a1c3,btc_usdt|binance_future,open,short,1728796800,62833.0
225,3bf61146-9d75-42a3-9be5-7df771c00fa6,btc_usdt|binance_future,open,long,1728796980,62905.7
226,28bcf3aa-53c1-462e-b948-754b7de4d891,btc_usdt|binance_future,open,short,1728797700,62899.8
227,3237253c-7f72-4385-b1d9-ac7b6b648d87,btc_usdt|binance_future,open,long,1728799320,62859.9
228,9cf32ebc-7aa3-4f37-9c43-6734bf8b56e1,btc_usdt|binance_future,open,short,1728800580,62861.9
229,bd043c9a-1c36-4f6b-bc9c-db5937b03b60,btc_usdt|binance_future,open,long,1728801360,62890.0
230,c1012926-3875-4104-8ad9-526ed677ee43,btc_usdt|binance_future,open,short,1728802080,62893.1
231,e9ce0164-f018-461e-8c21-ce4ca48cb7b0,btc_usdt|binance_future,open,long,1728802260,62899.9
232,dbe6674c-21da-4815-8496-a4e6be1e0527,btc_usdt|binance_future,open,short,1728802560,62870.1
233,6b2c5c4c-dd03-44a4-8d07-2a189a3818ca,btc_usdt|binance_future,open,long,1728803160,62831.8
234,411b232f-3f27-4799-a913-00f2ec8efaa5,btc_usdt|binance_future,open,short,1728803220,62790.0
235,43d9534d-5e95-4e54-be0d-133893edf537,btc_usdt|binance_future,open,long,1728804540,62737.0
236,19cdc9a6-3b96-4a63-9dfd-f52116070188,btc_usdt|binance_future,open,short,1728805380,62732.2
237,2a3c610f-ac3d-498d-a7ae-43bc9670262a,btc_usdt|binance_future,open,long,1728806160,62813.9
238,166874c9-54bb-47e3-80dd-e037c2ce8682,btc_usdt|binance_future,open,short,1728808020,62874.6
239,52384676-7e4d-47a5-84be-060467fd4c82,btc_usdt|binance_future,open,long,1728808680,62893.6
240,89e5a062-1784-464f-8505-284add5a49cd,btc_usdt|binance_future,open,short,1728808920,62805.9
241,da49d273-4371-443f-85f9-d53c687e5575,btc_usdt|binance_future,open,long,1728810300,62813.3
242,f850df96-2f7d-4c6e-b655-d85359f1d761,btc_usdt|binance_future,open,short,1728810840,62768.6
243,597e22f2-1270-4f07-b5f6-6ae58961e30a,btc_usdt|binance_future,open,long,1728811920,62767.3
244,ea473787-ea5f-402f-a8c7-d6af4d260ad8,btc_usdt|binance_future,open,short,1728812100,62749.5
245,20a771fc-3f5e-4e0e-89ae-78b15e5b0c0d,btc_usdt|binance_future,open,long,1728812280,62767.1
246,d8c139a1-9ad1-4c08-9b68-fa1f6d4aca3e,btc_usdt|binance_future,open,short,1728813600,62799.1
247,7ace603f-b765-4fdc-8153-6ef94a865dc3,btc_usdt|binance_future,open,long,1728814800,62762.5
248,bcce9b45-02ae-4cdf-bed9-8896d7244792,btc_usdt|binance_future,open,short,1728815580,62755.7
249,120fda9e-d933-4fa7-9aac-a55052c77f4a,btc_usdt|binance_future,open,long,1728817500,62698.8
250,c0f9c128-85c5-4a83-9f59-c373083ec756,btc_usdt|binance_future,open,short,1728818040,62673.9
251,9376a91a-0d2d-4a8c-9307-a323c5942534,btc_usdt|binance_future,open,long,1728819300,62612.2
252,f707e66b-83b8-46cf-8039-cc08458501d9,btc_usdt|binance_future,open,short,1728819600,62595.0
253,3cceb415-9eeb-4613-99e6-ab674729f1e7,btc_usdt|binance_future,open,long,1728820440,62567.5
254,0b6f2dbd-dda6-446e-bc8a-0a6f88b28fcf,btc_usdt|binance_future,open,short,1728820860,62550.0
255,fdc5adac-241d-44cf-83a0-11d68e9bb17a,btc_usdt|binance_future,open,long,1728821100,62576.6
256,457bb185-b61c-4c63-9b74-5e4cf3f26c5d,btc_usdt|binance_future,open,short,1728822000,62630.3
257,7fef177e-7a72-4082-8fe2-39254ce92592,btc_usdt|binance_future,open,long,1728822120,62636.7
258,42e87796-4ca0-46a0-ab4f-afa8e509d8c7,btc_usdt|binance_future,open,short,1728823020,62607.3
259,5cbbeb53-1d21-4137-a0e6-610fae0a10ba,btc_usdt|binance_future,open,long,1728823620,62654.5
260,8acf648b-e56e-48ae-919f-31e2c9093c7c,btc_usdt|binance_future,open,short,1728824220,62636.2
261,15aedf13-41e4-4896-8809-5939d39be3ed,btc_usdt|binance_future,open,long,1728824760,62693.7
262,cad8c7a0-4df5-4b0c-843d-a95ff55b511d,btc_usdt|binance_future,open,short,1728825480,62712.0
263,2e0c3b36-cad2-4708-bb7d-1d62b58a83d8,btc_usdt|binance_future,open,long,1728825540,62735.0
264,1528bc34-681c-4ce0-8a2b-11ed06eea6b7,btc_usdt|binance_future,open,short,1728826260,62730.0
265,2c1a8f14-4376-410a-b7dd-633419ca5e28,btc_usdt|binance_future,open,long,1728827340,62707.8
266,e0df0d9c-bd59-407e-bf6c-072bf0304d7f,btc_usdt|binance_future,open,short,1728827640,62623.0
267,0bda80b7-714f-4207-8496-b418d5a85076,btc_usdt|binance_future,open,long,1728829260,62564.6
268,0a2080e4-c92d-468b-a00e-697beef5eab4,btc_usdt|binance_future,open,short,1728830100,62507.2
269,08bc181d-d452-446d-8954-a9bf205267e9,btc_usdt|binance_future,open,long,1728831900,62276.9
270,1c318e85-85a8-4ce0-b620-dc079e40b583,btc_usdt|binance_future,open,short,1728832500,62257.9
271,d59b9743-f7df-4641-a56e-c9b71a2711a0,btc_usdt|binance_future,open,long,1728833820,62110.9
272,1772c807-4e20-4565-9e74-5deff1edd2a1,btc_usdt|binance_future,open,short,1728834300,62085.0
273,986fea35-3e23-4cf9-985e-198162c6103a,btc_usdt|binance_future,open,long,1728834480,62207.2
274,81f9d54a-fd18-45e0-a83c-dcd5a90ca18f,btc_usdt|binance_future,open,short,1728835260,62150.0
275,50f9c8a2-3ca6-464d-a366-fa1654481ae7,btc_usdt|binance_future,open,long,1728835680,62250.0
276,c8f48c65-7a9a-448a-8deb-e16cfb3423d1,btc_usdt|binance_future,open,short,1728838080,62562.7
277,0450dc48-e5ad-450e-88af-18229c337e25,btc_usdt|binance_future,open,long,1728838560,62620.0
278,41132b81-d619-477e-9b6d-a1abd13c6607,btc_usdt|binance_future,open,short,1728838920,62599.9
279,e9fb9f40-f0a9-4339-a617-efd820606b5a,btc_usdt|binance_future,open,long,1728838980,62680.0
280,eccd58fa-1eb0-4047-bcd1-f5cf93812e8a,btc_usdt|binance_future,open,short,1728840120,62661.6
281,bb22846a-287f-477d-9b6f-dd27aeca04e3,btc_usdt|binance_future,open,long,1728841980,62540.0
282,d7bab548-33ea-44fa-b42e-f0757e36fa7e,btc_usdt|binance_future,open,short,1728842460,62491.6
283,b6c82829-ce3c-4cb9-bd8c-9c7fae832e8f,btc_usdt|binance_future,open,long,1728843600,62460.1
284,fed07c92-a8a7-4203-bc25-75e63757f819,btc_usdt|binance_future,open,short,1728844680,62400.1
285,f0fee567-c7e9-4437-94d1-2c5cef58d718,btc_usdt|binance_future,open,long,1728845520,62385.4
286,f04d05c1-15e4-46e8-b894-695a805bed62,btc_usdt|binance_future,open,short,1728847020,62499.9
287,935f3363-b668-4f90-85b6-e953725df179,btc_usdt|binance_future,open,long,1728847560,62524.8
288,db9c365b-0b7e-4820-88ff-c4e2d0a73c61,btc_usdt|binance_future,open,short,1728848880,62608.0
289,b7a526a9-074f-48ac-a1db-c25df6436f2b,btc_usdt|binance_future,open,long,1728849180,62680.7
290,5a254025-a417-4faa-8bd1-1be12a6422b3,btc_usdt|binance_future,open,short,1728849840,62628.4
291,afb37379-012c-4079-8d71-214a8ba3f92c,btc_usdt|binance_future,open,long,1728850980,62656.0
292,52fdd355-1a1c-4e96-8117-e8ab9ae62ae5,btc_usdt|binance_future,open,short,1728851340,62588.3
293,f4ad2fe5-4f51-4362-85ef-4aa20020b0d4,btc_usdt|binance_future,open,long,1728851640,62628.9
294,ff2d66ab-d691-41f4-b29a-759eb8c97b09,btc_usdt|binance_future,open,short,1728851880,62629.1
295,179acd9a-5f76-4ecd-816a-33e112eb03e4,btc_usdt|binance_future,open,long,1728851940,62629.9
296,00cdf9a5-8fe2-4aa8-95b8-53fada473555,btc_usdt|binance_future,open,short,1728852240,62586.0
297,ee17566e-941c-45b6-ae07-511ed78a8494,btc_usdt|binance_future,open,long,1728852780,62635.9
298,81f8473f-85a2-4949-8bbd-8a24102646b9,btc_usdt|binance_future,open,short,1728853800,62712.3
299,34f2dcb2-6140-45e4-8be3-191671de04db,btc_usdt|binance_future,open,long,1728854400,62725.4
300,71ed4c91-adff-44ab-a820-de3eba179edf,btc_usdt|binance_future,open,short,1728855840,62871.8
301,c8d1fbde-3daf-4728-b165-c3b73683657d,btc_usdt|binance_future,open,long,1728856560,62844.7
302,a63b4d1e-45cb-4766-8787-51275aecb2ba,btc_usdt|binance_future,open,short,1728857640,62922.6
303,c205ca19-d0dc-40fc-9e91-a1d07309f166,btc_usdt|binance_future,open,long,1728859200,62810.2
304,b021a79c-e603-469b-adea-268e6766fe7c,btc_usdt|binance_future,open,short,1728859740,62787.7
305,abc44250-8af2-42fa-bbb4-664da36cb0a5,btc_usdt|binance_future,open,long,1728860460,62783.2
306,bae8869c-f116-4438-bb4e-de41640ab4df,btc_usdt|binance_future,open,short,1728860700,62733.3
307,0644d8e9-963a-45f6-bcf2-f5828b20c6ea,btc_usdt|binance_future,open,long,1728861960,62622.6
308,3f1dbf95-59aa-4b11-bc00-6ceb737d365a,btc_usdt|binance_future,open,short,1728864360,62762.4
309,f655d61e-0d61-4b8a-8515-05b2ca8873ae,btc_usdt|binance_future,open,long,1728865680,62664.5
310,c4370f1c-233a-4da3-907d-f58f0ac2c459,btc_usdt|binance_future,open,short,1728866100,62666.8
311,55205927-c92b-4664-b877-51c8569f8dde,btc_usdt|binance_future,open,long,1728866160,62652.0
312,e8e0a710-74ce-4a50-95b6-9c03a95cab68,btc_usdt|binance_future,open,short,1728866400,62628.3
313,7f235ef2-8d59-4e06-bbb9-d9c1fa9370f3,btc_usdt|binance_future,open,long,1728867540,62491.4
314,ae9f0327-a5bd-45d8-bac4-9a310d732255,btc_usdt|binance_future,open,short,1728869700,62733.7
315,3d973689-a152-4e18-9456-3717efce14e2,btc_usdt|binance_future,open,long,1728871200,62598.2
316,455e551c-29e1-421c-aac1-6fdf9fb73390,btc_usdt|binance_future,open,short,1728871320,62528.3
317,f9412e25-155f-4194-9c19-580a873db9d0,btc_usdt|binance_future,open,long,1728871980,62547.3
318,91f2b81e-8150-4423-b341-1c9819dfd383,btc_usdt|binance_future,open,short,1728872940,62540.0
319,66adf26d-b1b3-472c-95f0-4935b173fa2c,btc_usdt|binance_future,open,long,1728873600,62592.0
320,8218d27d-49e3-4cda-b645-bf130fc9d87c,btc_usdt|binance_future,open,short,1728874260,62530.0
321,cf74908c-1f5e-47d5-af3a-851add74455b,btc_usdt|binance_future,open,long,1728874680,62545.2
322,76d9108a-422c-46e4-853d-5274fd7b2645,btc_usdt|binance_future,open,short,1728889260,64132.3
323,4dc70572-27c2-43ca-a96d-6b5c5de461fd,btc_usdt|binance_future,open,long,1728891780,64352.6
324,3c8b9e77-62bd-4131-9e5f-a682fdcec8c7,btc_usdt|binance_future,open,short,1728894720,64600.0
325,fc4b33dc-6dc9-4d5c-9d14-de48db103a0c,btc_usdt|binance_future,open,long,1728896580,64437.3
326,dff9d196-3017-4469-aafd-5ab0ddaf941d,btc_usdt|binance_future,open,short,1728897060,64381.2
327,a84fa17e-fa9c-4049-b617-c6f42b8ae2b0,btc_usdt|binance_future,open,long,1728897360,64557.7
328,249ce5c8-1fe3-405d-8978-880e86159335,btc_usdt|binance_future,open,short,1728898140,64566.2
329,8e5586d3-a0d8-4583-a5ce-e1cdb3dd02a0,btc_usdt|binance_future,open,long,1728898440,64620.7
330,06a2f53a-7c0a-485b-b355-3d9cc0b0070e,btc_usdt|binance_future,open,short,1728900420,64729.0
331,bf36be4c-b213-4563-8822-f7c36f0b2088,btc_usdt|binance_future,open,long,1728900840,64850.0
332,4cdcf2b9-3771-4b3c-8ba7-bb840110b7c7,btc_usdt|binance_future,open,short,1728901740,64824.4
333,624a5dc4-46a4-46a2-936d-7d7b77928fda,btc_usdt|binance_future,open,long,1728902400,64872.1
334,89014b0a-3508-4a25-8446-488ed0c2e31b,btc_usdt|binance_future,open,short,1728903120,64876.1
335,c424e442-5655-466b-ab73-d349ef563d3b,btc_usdt|binance_future,open,long,1728904140,64915.5
336,817393c2-7ab6-4635-a5f6-e13890433b83,btc_usdt|binance_future,open,short,1728905760,64908.9
337,8db12c23-b6a8-4ae7-8455-af349f42971d,btc_usdt|binance_future,open,long,1728906360,64928.5
338,a4b5c53f-6aac-4f3b-ad40-8550e4342280,btc_usdt|binance_future,open,short,1728906600,64864.7
339,ff00f717-d3e5-4e8a-95fc-079cf2380bf4,btc_usdt|binance_future,open,long,1728907260,64880.2
340,1701c016-4c1b-4119-8ddf-6b720d40ae88,btc_usdt|binance_future,open,short,1728907500,64839.9
341,1611d2c8-7929-44a0-b780-30267cd74526,btc_usdt|binance_future,open,long,1728907860,64940.2
342,1347ef0f-9461-4a24-9a69-56526b4418da,btc_usdt|binance_future,open,short,1728908280,64798.5
343,4212583b-8800-4bf0-acaa-7404fc788f13,btc_usdt|binance_future,open,long,1728909240,64907.0
344,3dec4ba1-dfb7-49fc-a4b8-e11683ad5229,btc_usdt|binance_future,open,short,1728909900,64882.0
345,ee4b2f2e-5bc6-4c71-934b-f6247890ab56,btc_usdt|binance_future,open,long,1728911760,64858.1
346,b9fd0b07-3903-4285-a4ba-22c7409d8930,btc_usdt|binance_future,open,short,1728912240,64756.4
347,bfdcc296-739d-4d8d-b852-f50a7b52a82b,btc_usdt|binance_future,open,long,1728913260,64712.0
348,b3915a80-885f-4536-9d39-230cbbdc43cb,btc_usdt|binance_future,open,short,1728914220,65121.3
349,a875a13e-65d3-4254-be82-326154d874f9,btc_usdt|binance_future,open,long,1728914400,65120.0
350,f04a875a-5a39-4ac5-88a8-ab75d13cccde,btc_usdt|binance_future,open,short,1728916740,65836.4
351,45b9f8e1-2d9c-4319-99d5-b6b658dd4036,btc_usdt|binance_future,open,long,1728916920,66156.1
352,332a7954-e328-4c91-8866-77eb4237fe6e,btc_usdt|binance_future,open,short,1728917640,65886.4
353,397c32e7-4756-4650-987a-ea2117f29e2c,btc_usdt|binance_future,open,long,1728918600,65937.3
354,f05547ff-0d6d-4530-9f25-384211bc1c71,btc_usdt|binance_future,open,short,1728919620,66048.6
355,82515918-6205-4562-8efa-ef6679c48525,btc_usdt|binance_future,open,long,1728919680,65979.4
356,3901e06e-50af-42cd-9390-8f3d22acff5a,btc_usdt|binance_future,open,short,1728919800,65989.4
357,efb7d48c-671e-4add-a5e0-24f5a73f0270,btc_usdt|binance_future,open,long,1728920100,66035.5
358,385ac79e-7504-43bb-afa0-2c1e1caa0581,btc_usdt|binance_future,open,short,1728920400,65950.0
359,a90f9efb-843f-4868-9a15-dd746cddb5ca,btc_usdt|binance_future,open,long,1728921420,66010.0
360,d7db77e1-eff6-4471-898e-3f8c867bb7de,btc_usdt|binance_future,open,short,1728922080,65873.7
361,038fd846-4864-44e5-8504-efb8e17e0b7b,btc_usdt|binance_future,open,long,1728923520,65736.6
362,4c32194c-40d3-4d52-9086-235200009024,btc_usdt|binance_future,open,short,1728924360,65743.2
363,185a7cfc-ee7a-4eaa-af5e-6ed69f174981,btc_usdt|binance_future,open,long,1728925620,65706.6
364,ec65cc77-2793-4513-971a-ec0933aad11c,btc_usdt|binance_future,open,short,1728925980,65636.3
365,bde962e1-7718-4a5f-9f62-486458c44b1a,btc_usdt|binance_future,open,long,1728927240,65651.2
366,04550c0c-8530-4b64-ba38-69327b7fea15,btc_usdt|binance_future,open,short,1728928380,65689.5
367,b90fad64-35a1-40b6-931a-9861bdaa49c6,btc_usdt|binance_future,open,long,1728929280,65793.1
368,5611f13a-5403-4600-928e-00cf1fe15b08,btc_usdt|binance_future,open,short,1728930000,65820.0
369,8b7cf651-4d6d-4948-a143-76f386a78f39,btc_usdt|binance_future,open,long,1728930180,65812.1
370,94cfedd2-1c9a-4d71-b9c7-548b612a649f,btc_usdt|binance_future,open,short,1728930780,65809.9
371,45875543-03eb-4cc8-8457-f22cb57dda9a,btc_usdt|binance_future,open,long,1728931080,65879.4
372,f1cbf73b-1393-4ea3-b43a-1d0f866d76af,btc_usdt|binance_future,open,short,1728931800,65850.8
373,1ac5df56-1b82-40e3-b7be-dcbf29b33356,btc_usdt|binance_future,open,long,1728932760,65828.5
374,54ddcfa8-03c2-4f45-af2c-d4f27883f9d8,btc_usdt|binance_future,open,short,1728933840,65799.0
375,c3d3497a-e171-4039-9902-065042e034e9,btc_usdt|binance_future,open,long,1728934380,65931.0
376,d27cd84e-defb-4df6-8719-79402c095a2f,btc_usdt|binance_future,open,short,1728935640,65992.7
377,fc6826b4-c469-44f8-a67f-53a872bfe5e8,btc_usdt|binance_future,open,long,1728936720,65919.2
378,e1b352d7-85d6-4b3a-b955-c1c91004680d,btc_usdt|binance_future,open,short,1728937500,65934.8
379,286cf149-4a90-476e-b671-80c41d01d97a,btc_usdt|binance_future,open,long,1728937860,65995.0
380,d898ec59-a896-4256-8bbb-757212955e1e,btc_usdt|binance_future,open,short,1728938340,65957.8
381,70037e7f-8dbd-4e61-8e9e-0f816982515c,btc_usdt|binance_future,open,long,1728938880,65954.1
382,30c771da-9aa0-4b99-ac70-4e32cc4c2524,btc_usdt|binance_future,open,short,1728939060,65963.6
383,47438575-aae0-465c-b0ec-da545d9e6585,btc_usdt|binance_future,open,long,1728940200,65941.3
384,cc6776bb-a15f-47fe-8644-0bd3dc72aac6,btc_usdt|binance_future,open,short,1728940740,65869.4
385,5998836d-b4e3-4f4e-9a34-61c41c16ab2e,btc_usdt|binance_future,open,long,1728942060,65822.5
386,6ca078fe-189e-4d4d-8686-6ab32c051e3b,btc_usdt|binance_future,open,short,1728942720,65799.9
387,f63b9fbb-e710-4100-8cf6-ed53dfb185f5,btc_usdt|binance_future,open,long,1728943380,65820.2
388,78fd5626-9a8e-45cb-8381-cb535f9ee4b3,btc_usdt|binance_future,open,short,1728945180,66120.2
389,d1decf2a-65f7-4b97-8c8e-2403e0db8b98,btc_usdt|binance_future,open,long,1728945780,66228.1
390,710c34b4-954f-42a4-9ff7-45e8cd9aaf41,btc_usdt|binance_future,open,short,1728946440,66131.5
391,a15e6892-8ce5-4bf6-8918-aa5b39df4861,btc_usdt|binance_future,open,long,1728946680,66250.1
392,836f142c-f326-4ddc-af6a-2dfa2f414425,btc_usdt|binance_future,open,short,1728947400,66187.9
393,8f374330-7fa9-4b13-a6a1-999fa03c58ec,btc_usdt|binance_future,open,long,1728948240,66173.6
394,54028a3c-b6a8-4272-b286-8603b60d5420,btc_usdt|binance_future,open,short,1728948780,66073.8
395,10b2b929-1a43-41dc-9e3a-83849aa02442,btc_usdt|binance_future,open,long,1728949680,66107.7
396,c570b35b-a4f8-4d7f-8cfb-e4f30fba5523,btc_usdt|binance_future,open,short,1728950160,66064.3
397,1a9d1135-bd7d-4492-89a2-19f1cf5c3a28,btc_usdt|binance_future,open,long,1728951600,66071.0
398,04efe85d-70ba-4eee-87ba-549c53ecefe7,btc_usdt|binance_future,open,short,1728952500,66094.8
399,e939175f-1023-4fe2-8cd5-1323f4ba7abb,btc_usdt|binance_future,open,long,1728953580,65952.5
400,33fb0f31-2fe2-415a-bfd3-d8618725cc0a,btc_usdt|binance_future,open,short,1728954060,65908.0
401,00662696-f9df-4d15-b3e7-f9f5f60247b1,btc_usdt|binance_future,open,long,1728954480,65978.4
402,24403255-f369-436c-a873-c4bbdfa1af8c,btc_usdt|binance_future,open,short,1728955020,65876.5
403,f9695d92-f86e-4b4b-838e-c7f1e29dd58c,btc_usdt|binance_future,open,long,1728955800,65865.1
404,6e770b3a-fac0-4aa8-9dbf-172bdff6e49f,btc_usdt|binance_future,open,short,1728956040,65871.7
405,1b6fd023-1260-44ce-9274-7f98d5c81591,btc_usdt|binance_future,open,long,1728956880,65887.9
406,10625073-4691-4f26-90f9-8f71c7f65fd3,btc_usdt|binance_future,open,short,1728957480,65825.0
407,047a6caa-8819-4c1d-9783-f04d69ce5db3,btc_usdt|binance_future,open,long,1728960840,65744.7
408,95093eb2-3127-4271-b9f8-394c3bbcbfe0,btc_usdt|binance_future,open,short,1728961440,65686.6
409,2d808feb-0665-4ff4-aca3-77f69e12a7ae,btc_usdt|binance_future,open,long,1728962100,65666.0
410,d642a1c9-2f94-4fc0-8024-107a7f304661,btc_usdt|binance_future,open,short,1728962280,65656.4
411,b8282c52-dbb2-49eb-871e-92faae7d7589,btc_usdt|binance_future,open,long,1728963900,65500.1
412,fda55065-be4d-4709-828b-46cd7b460f6e,btc_usdt|binance_future,open,short,1728964440,65421.0
413,8dd7786a-18e2-4166-b69a-ce0ade33f95f,btc_usdt|binance_future,open,long,1728965220,65388.1
414,dc8d428b-dcc0-4487-b0ae-5746bb4aeae4,btc_usdt|binance_future,open,short,1728965280,65334.1
415,4a94f1f8-0180-4d49-9b29-270c1d49698c,btc_usdt|binance_future,open,long,1728965580,65480.1
416,bcb59abc-8c80-42fc-9905-2a53e1fcdd8a,btc_usdt|binance_future,open,short,1728966720,65569.0
417,fa5eed3c-cf92-42a0-9f35-71d3fbc86e89,btc_usdt|binance_future,open,long,1728967020,65629.9
418,f6533b7c-a65a-4e25-928e-84f59d06468e,btc_usdt|binance_future,open,short,1728967740,65629.7
419,14aec90f-169a-47e7-b7d0-ffdbc5537a26,btc_usdt|binance_future,open,long,1728967920,65678.5
420,589ac8b0-58bc-4bbd-85e7-64dbf5d7c5e3,btc_usdt|binance_future,open,short,1728968280,65587.9
421,e6668cb4-315c-49b2-9381-e01208a5363e,btc_usdt|binance_future,open,long,1728969840,65449.9
422,07a9990a-4fb6-4238-bf93-528be360fe70,btc_usdt|binance_future,open,short,1728970140,65378.8
423,e4abb67f-aa34-42dc-ab26-8093138c74e9,btc_usdt|binance_future,open,long,1728971220,65330.0
424,d425437c-ee0d-409e-afc2-a49898c20ecc,btc_usdt|binance_future,open,short,1728972060,65318.8
425,07351696-e177-41ad-8794-691645265669,btc_usdt|binance_future,open,long,1728972960,65425.0
426,6fefb6e5-da2c-4ef7-8d15-9b4953309543,btc_usdt|binance_future,open,short,1728973860,65460.8
427,402d560b-d141-4b4a-aea6-f68adaac7faf,btc_usdt|binance_future,open,long,1728974160,65524.8
428,436fd74d-57b8-478c-9e03-bde0006da3c7,btc_usdt|binance_future,open,short,1728974340,65435.5
429,2bd5ca5e-377e-4d9b-b462-f1b8cb163959,btc_usdt|binance_future,open,long,1728975240,65535.3
430,4228762c-5b44-4de3-8862-e4f477c96477,btc_usdt|binance_future,open,short,1728976860,65687.8
431,0704633b-57ed-4acd-ad4b-895ba2bfaf9c,btc_usdt|binance_future,open,long,1728977400,65735.1
432,2d70a092-f621-4cb3-8c3a-bfc55fc4ccc7,btc_usdt|binance_future,open,short,1728978360,65718.6
433,d9fb55bb-f0bc-4f44-b946-8080f6c42473,btc_usdt|binance_future,open,long,1728979500,65673.9
434,17cca34f-26dd-45e2-bd60-5cccd9492e05,btc_usdt|binance_future,open,short,1728979740,65695.9
435,f6b598dc-4e02-4165-bcb7-fcb0aade413e,btc_usdt|binance_future,open,long,1728979800,65732.3
436,fed26cea-08ed-48a0-b663-06d2d1228b37,btc_usdt|binance_future,open,short,1728980700,65729.9
437,813ef54a-64fa-4960-91f4-e1f875af81a0,btc_usdt|binance_future,open,long,1728980940,65765.0
438,91028ff8-d10d-44da-aefe-6652cd35db4c,btc_usdt|binance_future,open,short,1728981720,65694.2
439,498b2ecf-e1ad-462c-9f31-fedd8b9cc1bc,btc_usdt|binance_future,open,long,1728982680,65703.0
440,69cbead2-df9b-4f7d-ab4a-463b8d53b6c2,btc_usdt|binance_future,open,short,1728983160,65706.8
441,736d0b7d-b182-432a-9304-22a8ca7e79b0,btc_usdt|binance_future,open,long,1728983940,65647.9
442,bc69469c-6d4d-4f45-8dec-da93152f02bd,btc_usdt|binance_future,open,short,1728984540,65642.9
443,64b3b87e-403c-4170-a165-7917a7f0556a,btc_usdt|binance_future,open,long,1728984840,65739.8
444,a6c6ed6c-9833-4862-a509-38b6d7beb188,btc_usdt|binance_future,open,short,1728985320,65629.9
445,4c23192e-11df-493d-a678-82a8ac51aae5,btc_usdt|binance_future,open,long,1728985800,65713.8
446,f3a4d20e-542e-4898-9761-a2859c45ee4a,btc_usdt|binance_future,open,short,1728986340,65611.5
447,9e4365ab-22b5-4b6f-a1ec-81be4a154323,btc_usdt|binance_future,open,long,1728987240,65696.3
448,179a755c-f4ae-422a-929d-4887f4ed1057,btc_usdt|binance_future,open,short,1728988560,65654.9
449,c870a177-d7da-486b-ba63-9fbfd97c7ac5,btc_usdt|binance_future,open,long,1728989160,65689.2
450,2ef3550d-8899-4db6-83d9-f82362c8edf8,btc_usdt|binance_future,open,short,1728989940,65640.1
451,1056529a-d2a5-4ee7-9a29-0d4407811bee,btc_usdt|binance_future,open,long,1728991500,65462.5
452,ed2a6501-f916-443e-906e-a23f1468b38c,btc_usdt|binance_future,open,short,1728991740,65489.6
453,36ea5f96-7a87-4d1d-a472-14750d70108d,btc_usdt|binance_future,open,long,1728991800,65518.6
454,b749b3c9-9ce0-4748-9484-e757c609a734,btc_usdt|binance_future,open,short,1728992460,65550.0
455,0a865762-17e2-48a8-850a-bc8989dcd2b8,btc_usdt|binance_future,open,long,1728993000,65514.8
456,80f96d8a-4251-4cdc-b9c2-9e491328e103,btc_usdt|binance_future,open,short,1728993180,65370.9
457,8dc0396e-276b-45f5-8349-435fb6ef71c1,btc_usdt|binance_future,open,long,1728993840,65494.1
458,c5962d91-5542-4474-8382-f5e7a6b09b23,btc_usdt|binance_future,open,short,1728994500,65417.2
459,4b417a06-cdb7-4656-add5-dbf005369cba,btc_usdt|binance_future,open,long,1728994680,65546.3
460,d4b43d8e-b01b-4a93-9400-13a41539f1b2,btc_usdt|binance_future,open,short,1728996780,65781.5
461,102bb680-f951-4197-8931-99b530ce29dc,btc_usdt|binance_future,open,long,1728997380,65902.8
462,6c5e8688-9ee8-43a6-83b2-2fb018ee7ec6,btc_usdt|binance_future,open,short,1728998160,65918.8
463,dc90de46-79fc-4117-8379-2bb8e52a59f8,btc_usdt|binance_future,open,long,1728998580,65948.2
464,9b5ec8ee-2148-4214-bc7d-9b11087c069c,btc_usdt|binance_future,open,short,1728998880,65861.4
465,22352b9b-3f4a-4885-871e-3eb62d2c7d8f,btc_usdt|binance_future,open,long,1728999360,65982.1
466,2c0116a3-fe11-43a2-9e74-5ddb4e0a8199,btc_usdt|binance_future,open,short,1729001340,67513.4
467,e5a8babd-ea85-4583-9f8f-fc7d38af031b,btc_usdt|binance_future,open,long,1729003920,65594.8
468,df877df4-f8e9-4c08-8af5-c9021bd211df,btc_usdt|binance_future,open,short,1729004400,65343.4
469,faa65334-361d-41ff-b6de-2e0c449a4ed4,btc_usdt|binance_future,open,long,1729005300,65380.0
470,e98bd38b-dcf6-477c-b414-23e7008fbc74,btc_usdt|binance_future,open,short,1729005960,65461.1
471,b626dac9-06a1-4ade-9c25-60346c4815dc,btc_usdt|binance_future,open,long,1729006140,65745.6
472,b419b99d-128e-4315-a6df-1fbb378afa65,btc_usdt|binance_future,open,short,1729007040,66131.1
473,7d71503c-af4f-4cfb-84bf-9ca94e47e2ae,btc_usdt|binance_future,open,long,1729007100,66129.9
474,ce3d0621-b260-4ad4-92fe-85f8cdc4c4f9,btc_usdt|binance_future,open,short,1729007160,66165.5
475,85089f42-8eb0-4b68-8460-0ec1ca2d7c6a,btc_usdt|binance_future,open,long,1729008240,66118.3
476,09867d91-63d3-47e6-a6e0-2874d6cebb4d,btc_usdt|binance_future,open,short,1729009860,66569.1
477,2ea36b9c-a972-4343-b663-105777567f5f,btc_usdt|binance_future,open,long,1729009920,66659.0
478,d731a4b8-c03f-44bc-a2ab-b9ce87701e85,btc_usdt|binance_future,open,short,1729011060,66776.3
479,8c577188-44f4-4faf-999c-358fb7b6cd0e,btc_usdt|binance_future,open,long,1729011720,66961.0
480,f1957b4d-372a-45e8-8462-2011c0e11628,btc_usdt|binance_future,open,short,1729012200,66724.7
481,06b4ed80-3fc0-415b-836f-844f8d1564f5,btc_usdt|binance_future,open,long,1729013040,66697.2
482,4abbd5e8-9f82-415e-ad50-e6888a21a91e,btc_usdt|binance_future,open,short,1729013160,66638.9
483,d8e23bcc-4dab-4150-a312-43a6e5279c24,btc_usdt|binance_future,open,long,1729014060,66832.5
484,e473ee8c-418f-4676-af4f-f75c771d7f56,btc_usdt|binance_future,open,short,1729015020,66778.8
485,6eb63750-143d-46e1-b036-c9e538956050,btc_usdt|binance_future,open,long,1729015500,67061.0
486,de7416bc-ad9d-4700-86bc-e98172f21e86,btc_usdt|binance_future,open,short,1729016940,67067.1
487,81b9579c-aa21-47ec-a253-6faa9ee8ced0,btc_usdt|binance_future,open,long,1729017780,67074.6
488,4a0bfbbd-83e0-426d-859e-20921d87225d,btc_usdt|binance_future,open,short,1729018200,66910.0
489,c92a5de0-9f84-4089-8be5-ecf2a703735d,btc_usdt|binance_future,open,long,1729019760,66787.7
490,9362a861-ce5c-4d46-bf85-3df0ad9a9ee2,btc_usdt|binance_future,open,short,1729020060,66775.5
491,3fece9c5-3ebd-4b0a-80e4-e3fc507c3e38,btc_usdt|binance_future,open,long,1729020180,66775.6
492,bb19ca3e-f4a1-4275-97db-e4942c5909aa,btc_usdt|binance_future,open,short,1729020720,66755.2
493,054c61a9-604e-4358-8561-fc6da9e29332,btc_usdt|binance_future,open,long,1729021380,66790.6
494,006cf700-95a7-41f9-a2aa-6ee1acfe8ba7,btc_usdt|binance_future,open,short,1729022700,66847.7
495,44916b32-bc0a-4dfd-af81-3039f0c32470,btc_usdt|binance_future,open,long,1729023060,66963.1
496,9ae03096-a96c-44e4-80f6-7c76ce52d7a6,btc_usdt|binance_future,open,short,1729023360,66862.3
497,6e3c2f71-029f-429e-87fa-89b91f5079f9,btc_usdt|binance_future,open,long,1729024200,66647.4
498,66d4a255-0f60-4aba-8e81-1ca96b690fbd,btc_usdt|binance_future,open,short,1729024320,66643.4
499,e5931017-14e2-4151-aa12-d5ce7702ec68,btc_usdt|binance_future,open,long,1729025040,66642.2
500,43427d00-b0ca-45bd-86e8-62d8caaaf73e,btc_usdt|binance_future,open,short,1729025640,66628.9
501,25d5771a-4736-42ef-8f2f-527646c179ea,btc_usdt|binance_future,open,long,1729025820,66599.9
502,d486d6f0-7849-4d3b-b533-76c7b9c350fe,btc_usdt|binance_future,open,short,1729025880,66418.5
503,9562fd2f-acd6-4f6c-86cc-2163e4ea7113,btc_usdt|binance_future,open,long,1729026540,66384.4
504,985412b3-6460-4665-90ba-b3ad2c27b7f2,btc_usdt|binance_future,open,short,1729026660,66407.1
505,441cdc92-e573-471a-b3dd-d5e645a934b4,btc_usdt|binance_future,open,long,1729027620,66459.8
506,5c756062-da71-4729-bccf-fd151dbbd673,btc_usdt|binance_future,open,short,1729028160,66337.0
507,15a26ffc-8e47-42f3-b298-3dcd3eab8245,btc_usdt|binance_future,open,long,1729028880,66352.0
508,aea0d8a1-6a1d-41cc-8991-5b972ecdb5bd,btc_usdt|binance_future,open,short,1729030140,66397.7
509,4949e6b9-d7ec-4f5a-8074-c2e80050da62,btc_usdt|binance_future,open,long,1729030260,66504.6
510,2566d921-9510-4852-9d07-e2a88b2bc6a3,btc_usdt|binance_future,open,short,1729032180,66839.7
511,bd9807f6-69ca-480a-980a-cf2b547dd2fb,btc_usdt|binance_future,open,long,1729033020,66729.5
512,40e40a2d-f81d-4e5f-98cf-ba86994914f6,btc_usdt|binance_future,open,short,1729033140,66710.5
513,df84f3f6-46b6-483a-9a0b-5d592b37f731,btc_usdt|binance_future,open,long,1729033440,66809.2
514,41205666-054b-41f7-b97f-6e51e74e875c,btc_usdt|binance_future,open,short,1729033800,66731.9
515,cd524ede-5fe0-4cdb-a85b-17f55d0589d6,btc_usdt|binance_future,open,long,1729034820,66712.1
516,f63ad514-db9d-4a10-932a-4c4e9a1320ef,btc_usdt|binance_future,open,short,1729036380,67004.4
517,80fe587e-1339-4bcd-b6c5-edf690d2594d,btc_usdt|binance_future,open,long,1729036860,67084.0
518,c24f48d6-71ce-44ca-946d-cfb1322826bb,btc_usdt|binance_future,open,short,1729037340,66915.8
519,7c26abc1-64ec-4fac-9830-3fac51712854,btc_usdt|binance_future,open,long,1729039140,66801.2
520,4d628800-84a9-44cf-b3d0-7a50f83ece53,btc_usdt|binance_future,open,short,1729039800,66884.2
521,e8e6ff26-dba7-46d5-86f0-6ff0cf4733ca,btc_usdt|binance_future,open,long,1729040460,66860.4
522,f0555c77-2e1a-42be-bdc3-a591f08dc886,btc_usdt|binance_future,open,short,1729040880,66815.7
523,7349bb19-7afb-4775-b96b-45d19b523b61,btc_usdt|binance_future,open,long,1729041420,67249.9
524,f4bbc5e1-6416-445e-8440-a6d5267d2839,btc_usdt|binance_future,open,short,1729042560,67283.0
525,c826fae9-b689-46e2-b775-63b8fb3ad2fd,btc_usdt|binance_future,open,long,1729043460,67287.7
526,36804f2e-ac9a-4a92-8c63-269dfd37cf67,btc_usdt|binance_future,open,short,1729045080,67340.2
527,3dceb6b9-dd51-4a80-a8d7-a89444e3a5aa,btc_usdt|binance_future,open,long,1729046400,67285.9
528,2cc99ff4-9b24-4a1d-87f4-599501873b8e,btc_usdt|binance_future,open,short,1729046460,67237.9
529,51ddd8db-b731-4e9a-a142-869e7f9c93d8,btc_usdt|binance_future,open,long,1729046820,67294.9
530,786a19d3-6e34-4725-89da-2f0856aa018e,btc_usdt|binance_future,open,short,1729047360,67296.1
531,f03a1e83-3f22-45ad-baab-e2e760798390,btc_usdt|binance_future,open,long,1729049280,67145.5
532,4d6275bf-c31d-4740-8d49-d68c460dac4a,btc_usdt|binance_future,open,short,1729049580,67075.3
533,963d4e36-1bdc-4421-b857-8ed0f801ca75,btc_usdt|binance_future,open,long,1729050420,67214.1
534,add2d775-de3c-45f3-a4a1-f2c3d6c12873,btc_usdt|binance_future,open,short,1729050960,67120.1
535,fc65e54e-cd25-4cfe-8a62-8619fcc9b8ca,btc_usdt|binance_future,open,long,1729051620,67112.0
536,2307cb39-82b4-423d-b3ba-a9c2897a76a0,btc_usdt|binance_future,open,short,1729052400,67144.4
537,0472f81d-fba5-4a04-9115-707fb0f8b592,btc_usdt|binance_future,open,long,1729054020,66968.9
538,448294dc-27f3-4242-be7d-5ec9daba785a,btc_usdt|binance_future,open,short,1729054980,66966.9
539,c45b367c-e73f-49f4-9e1e-a2df0f40d5be,btc_usdt|binance_future,open,long,1729055700,66975.5
540,69e0a96b-a67b-4b29-982d-49c44198c76b,btc_usdt|binance_future,open,short,1729057080,67109.9
541,ae776f39-8669-4a63-8b6f-ca7326a53934,btc_usdt|binance_future,open,long,1729057200,67220.0
542,bfff530e-31fa-401c-a356-25e5d38c450d,btc_usdt|binance_future,open,short,1729058040,67190.0
543,ef315510-3bab-44b5-8670-ce7f2d91a840,btc_usdt|binance_future,open,long,1729058940,67217.6
544,10135ede-37f7-418f-b9ea-a1e8e7dbb60e,btc_usdt|binance_future,open,short,1729059720,67163.7
545,cc64c5fd-223a-45d9-b893-5b6923562413,btc_usdt|binance_future,open,long,1729060740,67133.5
546,5ad7c920-797f-47e4-a204-2a31f5453c62,btc_usdt|binance_future,open,short,1729061340,67079.7
547,5ab321cf-efac-415c-88ef-36ff2b64f9ab,btc_usdt|binance_future,open,long,1729061640,67146.6
548,c22fea63-87c3-4db1-8d20-3d8af069f62d,btc_usdt|binance_future,open,short,1729062120,66950.1
549,33221a6a-5ecf-479c-9513-7d608ec7e6df,btc_usdt|binance_future,open,long,1729063320,66822.6
550,d28c2a43-6e16-4e3d-86e2-a453e663bfb9,btc_usdt|binance_future,open,short,1729064460,66831.5
551,e26236a6-b7b7-42de-872c-f3a5ee2991e5,btc_usdt|binance_future,open,long,1729064940,66854.4
